target	Fwd_primer	Rev_primer
Pf3D7_01_v3-0145420-0145630	CCTGAGTTTTAAGTGAATGAATATATTTTTGTT	AAAATGTCCAATATGTCAAGGTATATTAAAGT
Pf3D7_01_v3-0162888-0163092	TACTACCGATCATCAAGCCGAA	TGTGTGCTTTGTCGTTGATTCAT
Pf3D7_01_v3-0181544-0181729	CTTTTCATATTTGTCTATTAGCTTTTTCAAACC	TAGTTTAAATCTATACTTGTCTCACCTGAACA
Pf3D7_01_v3-0194763-0194942	GGAAATGACCAAGACGTGAACC	TGTTTGAAAAGAACTCTAGCCCTTTATTATC
Pf3D7_01_v3-0455826-0456021	ACAATGTAGAACAATATATAAAACTGGAAAAGA	GTGTTTCATTATTTTAGACACATTCAGGAATTT
Pf3D7_01_v3-0528889-0529073	CTTAGTTTAGATTTGCCTACAATATTTGCAC	AATCATTTTATCCCACTTATTTATCTCGTCT
Pf3D7_01_v3-0535994-0536206	TGGTTTAATGTGTTAGTAGAAGAAAAAGCA	CTTTGACAATCATCCAACATGTAAGTATATAAA
Pf3D7_02_v3-0290610-0290789	AAGCATCATTTTCCTTATCATTATAATGAGG	ACTTTTAAATATGGCACATAATCCAATAGATG
Pf3D7_02_v3-0291801-0291984	TGCTAGAGGCATATAAAGAACTTTTTAAAGTC	AGTAGAAATCGTCGAAGAACATATACATAAAAT
Pf3D7_02_v3-0320675-0320924	TTCTTTTTGGTGTTACGGGAGATG	CCAACTTTAGCTCAAGAAACACAAC
Pf3D7_02_v3-0470469-0470676	ATTTTCAAAGGTTCAAAAATATATGAACATGAA	GTATGTATTATACCCTCCATTTGATTATTCTCT
Pf3D7_02_v3-0503071-0503260	AGTACACATATCGTTATGATCCTTAATTAAAC	CATCACGATATTGATGTGTACTATGGTC
Pf3D7_02_v3-0628973-0629143	GTGATTTTCTCTTTTGTGATAATCTTGAAAAAT	AATTATCTTACACCAACAATGAAGGTGAA
Pf3D7_02_v3-0630673-0630874	ACATAACGAAGAATATCTATTCGTATAGGTTTC	AGGTATATATGGTAGCAATTCTATAAATTGGTT
Pf3D7_03_v3-0085539-0085723	TCCTTTAATTTTTCTTTCATCAAATTTAACCAT	TGGAAGATGAATATTATGATGTAAATGATGAAA
Pf3D7_03_v3-0221217-0221388	AATTAATCGCAAACGTAATTAAATATTCACAAA	AAAAATTTGTAAAATGGAAAAATGTTCCAGT
Pf3D7_03_v3-0221327-0221511	ACAACTCAAACTAAGATGTGTTCTTTATCTAAT	ACTGAATGGTCCCCATGTAGT
Pf3D7_03_v3-0221484-0221679	TAGCAGAGCCAGGCTTTATTCT	AATGCAAATCCTAATAAAAACAATCAAGGTAAT
Pf3D7_03_v3-0240989-0241224	AGGATACAATATATGATAAACCAAATCATCAGC	ATGTCTGATTACAGAAGAATAAAAATGAAGAA
Pf3D7_03_v3-0515440-0515629	GATCTATTCCAGGAGCATCAAGG	GCATATGTTCCCAACCTTCATTAACTTC
Pf3D7_03_v3-0653993-0654177	GTAACAAAAATTTCACCTAACGGTATATTTTTA	CTTTATGTATTTTTCAAAAATCGGCACGT
Pf3D7_03_v3-0855455-0855664	ATGAGGTATCAAAACACAATAATACGATTC	CGTTTTCAATTAATTGTATTGAGAATTGTACAA
Pf3D7_03_v3-0891585-0891794	GTCTTGTTTGTTTGTTATGATATGTTCTTTATT	ACATATCCATAGCAGAGTCTTCTTATTTCTTAT
Pf3D7_03_v3-0980796-0980964	GGAAATCATCATAGATAACACTATTGCCTATT	ATTCCAATATAATGACGATGCATCTATTATTCT
Pf3D7_03_v3-0980885-0981092	ATTACCTGCTGTTGGATAATCATAATAAAATAC	CTGCTCTAGAAATTCAGAGTGTACATTT
Pf3D7_03_v3-0981606-0981797	TTTACAATATCTGTTTCTTCATTATAAGCACAC	TTCCAGACAACAAATGTGATCTTTCA
Pf3D7_03_v3-0981945-0982163	AGATTCACAATCATTTGGACGTTCA	AGGATGTAATGATTTGCTTTTGACGAAT
Pf3D7_03_v3-0982331-0982491	GTTTATATTATTACTATTTGTGTGTGGATCTGT	ACTTCAGATAAGAATTCACATCTTCATTCTAA
Pf3D7_04_v3-0109961-0110151	CTTTAGGTACACCTGCAAGTACC	GTGTTATGTTAAGCAATAAAAATTTTCATAGCA
Pf3D7_04_v3-0115483-0115652	TTTTAGTTTCGGTATTTTGTGTTCCTCTT	AAGAAATTTATCAGAGTTACAAAAGGGAAATC
Pf3D7_04_v3-0133612-0133801	ATTTAATCTTTTACCAGCAGTAGAAACTACAT	AGAAGAGCACAAAAGAGATGAATATCAAG
Pf3D7_04_v3-0133960-0134121	ATTTGAACTTTGACTTTTCCAAATATTGTTTTA	AGAACATAATTATGATAAAAAGTATAGGGACGT
Pf3D7_04_v3-0140349-0140516	TGATAATATATATGCTAAGGAAAAGGAAATTCG	ATTATTATTATTTTCATCTTGTGTGTCTCCAT
Pf3D7_04_v3-0141761-0141957	ACCATGCTGATGATACACGTG	TCTAATTCTTTATAAAGATCAAGCATTTGTCTG
Pf3D7_04_v3-0284153-0284333	TTTGTATATCGTTTGATTTGTTTGTAAGATGTC	AAAAATTCAACGAAAATAAAAGGTTGTTCTT
Pf3D7_04_v3-0316623-0316825	AGAATGTATATTTTGATGCCGAGTTGATAAT	CAATGAAATATGTGTTAGACCTACAAATTCTTC
Pf3D7_04_v3-0544486-0544685	TGAAAGAGAAATATAATATACAACAGGAGGAAA	GTGTCTGTATTTAATAAATGATTATCTGGGTTA
Pf3D7_04_v3-0648096-0648299	AAGATTGATTAAATTTCACATTATACCTTCCA	TTTCCCTTGATACAATTTAATAAAAAGGGAATA
Pf3D7_04_v3-0748128-0748326	CGACGTTTTCGATATTTATGCCAT	TCATTTACATTATCCACAGTTTCTTTGTTTAAA
Pf3D7_04_v3-0748406-0748581	AAAAATTACAAAATGTTGTAGTTATGGGAAGAA	TCTAAAAATTCTTGATAAACAACGGAACCT
Pf3D7_04_v3-0748617-0748789	TTCCGTTGTTTATCAAGAATTTTTAGAAAAGAA	TTTTTCTTCTCCTTTTATACAATTTTGTTCATT
Pf3D7_04_v3-0900558-0900729	AATTCATGGTAAATATTATCTCCATTTTGATCA	TGAAAATAAGGTAGGTGAAGAAAGAGAACT
Pf3D7_04_v3-1005970-1006155	ATCATCATGAATATGTTTTCCTGATACATAAAT	AATTCTTATGGAACAAAATTCGAATCAGGATA
Pf3D7_04_v3-1037676-1037859	AGTTAATGAAATAGCTCAACTTAATTTAACCAT	TGACATAAATTACTACGTCATAGGTATTTGGT
Pf3D7_04_v3-1077359-1077536	TGGAAATGATAATAATTTCGCTGAGTGTTATAT	TTTTTATCCTTGCAGTAACCCCTTTT
Pf3D7_04_v3-1082808-1083016	TTTGTTGTAAAATATTTGTCATATCTGATAGGT	ACGTTTAAAAAGATGATGGATGAATATAATACA
Pf3D7_04_v3-1083126-1083298	ACTATCTGTATCTTGTATACTATCTTCTACCT	GCTGTAGATGCTTTTATTAAGAAAATAAATGAA
Pf3D7_04_v3-1083331-1083530	TTCATTTATTTTCTTAATAAAAGCATCTACAGC	TGTGAAAAATAATGAAGACTATAAAAATGTGGA
Pf3D7_04_v3-1083442-1083635	TGAGGTATTATAACAAAATCCAAATGTCCTTC	TGATGGTTTAAAATATTTGTTTATTCCTTCTCA
Pf3D7_04_v3-1113421-1113612	ACAGCATTAGATACGGTTTTCCATC	CACTAAACGTAGCATGCTCAGATATTA
Pf3D7_05_v3-0213059-0213219	TTTATCCTTATCATTATTTCCATCATTTTCTGG	AAAAATAAAAGGAACAATGTAATGGTTGAAAA
Pf3D7_05_v3-0350840-0351019	AAAGCATCATTTTGCTCATAATTATATGTATGA	GAACAGTTCATATATATAATTCAACAACAGCCA
Pf3D7_05_v3-0369705-0369916	CGAGAATTATGCCTCCTATAATCATAGTGA	TGACCACATGTCTATATTACTATGATGATTATT
Pf3D7_05_v3-0395919-0396103	ATTTGATACAGGATGTGAAATTTTTGCATTATC	ATTGAACTCTTTGATATCTCAGAAAAATTCTTT
Pf3D7_05_v3-0550834-0551043	ATTCAAATGTATATTGTTCTCCTCATAAGAAC	CAAGTTCAAAATATCCGAAGAGAAACAGA
Pf3D7_05_v3-0615411-0615646	CCAGAAACAATGTCCATATTAAGTTTTGTATTA	AAAAATTAATAGACACCTTGGTTTGACTTTAC
Pf3D7_05_v3-0641162-0641373	AACGTGCTACATATTTATAAATTCACTAAAGA	CGTGTATGTAGGAAATAAATTGTGTTCACAA
Pf3D7_05_v3-0668787-0668979	TAACATGACCATCCCTTGTGATACT	CCAACGTTTCTTCGATCAAATGATT
Pf3D7_05_v3-0796550-0796728	CGTTAAGTAGTACCTTTGGTTATTTTATGTTAG	AAAACTACCATTTAATCCTGATAGAATAGCA
Pf3D7_05_v3-0958105-0958317	GCTGTATTATCAGGAGGAACATTACCT	TCAGATCTTAATTTAGATCCAGGATTATTATCA
Pf3D7_05_v3-0958394-0958580	AGTGAGTTCAGGAATTGGTACGA	CCCATTAAAGCCTCTTCTATAATGGACA
Pf3D7_05_v3-0958952-0959135	TGAAAGCTTTAGAAGCAACAAATAGTTTATATG	CAATTAATTTTAGTATGGTTGATTTCCCACAAC
Pf3D7_05_v3-0960841-0961021	CAGATGATGAAATGTTTAAAGATCCAAGTTTT	AATTAAGAAGGATCCAAACCAATAGGC
Pf3D7_05_v3-0961543-0961730	AAAAATGTAAATGAATTTTCAAACCAATCTGGA	ATAGCAGCAAACTTACTAACACGTTTAA
Pf3D7_05_v3-1188488-1188673	TCTTTAAATAAAACTAACACATCTAATGCACCA	AATATAGGTTTAAATATAGATGCAGAGATTGGT
Pf3D7_05_v3-1322131-1322313	TTTTCTATTGAATCCATGAAATAGGAATATGAA	ATCAGCAACGATAGTACAAATTGAATGA
Pf3D7_06_v3-0145317-0145502	GCTATCTTTTATAAATGTACCACTATTAAACCA	CAAGGAAGGTAGAATATCAAATACAAGGG
Pf3D7_06_v3-0176138-0176305	ACTTCTCCTTTAATTGAAAATGTTTTCACAC	TGCTCAAAGTATGATAAAAGGTATATTTAATCC
Pf3D7_06_v3-0416486-0416688	CGCATCGAAACTTAATTTGAGTACG	AATTTCGTTATAAAAACTCTTTTGCTCTGAAA
Pf3D7_06_v3-0532194-0532380	TGATCAAGCTGAATCTATCCTATTGGATC	TGGTATATTGTTTATTGGGATCCCCTT
Pf3D7_06_v3-0851515-0851740	ACACTGACATTTTACTGCACCTTC	GAAAGGAAGATATTATGCCACTGCA
Pf3D7_06_v3-0857486-0857720	TTTTTGATGATGTCTTCCAAATTAAACGTAAAA	AGTTCTCTTGTTCTAATTTTGTAGACATATTTT
Pf3D7_06_v3-1115931-1116136	ATCTACATATTCTATAGGACAGTAAGATCTCA	ACTCAAAAGAATTAATAAACACTGACATGGTA
Pf3D7_06_v3-1128590-1128771	GTTTTCTTTTTCATGTGTAACAGGATTATAAGT	AAAAATTCACCTAACTTGTCATCAGC
Pf3D7_06_v3-1135637-1135827	ATCAGTTTTTAGATTTCCATTAGTTCCATTTAC	GCATTCAGAATTCCTCCAATAATAGAGT
Pf3D7_06_v3-1136121-1136332	ACTTACATTGTCGTTGCCTTTATTTTTATTA	TAATGATTTGGAATATACTACTTGTGCCAATC
Pf3D7_06_v3-1140924-1141141	TCCTCTCAATACTCTCAAAACACGA	AGATAGGTGAACATAATAATATGCAAATACATT
Pf3D7_06_v3-1192659-1192836	AAAAGTATAAATAGAATGATCGAATGTGTTCA	AATGATATCGTTTTTACCACTGAAATACCAA
Pf3D7_06_v3-1197277-1197483	ATTAATAATGGTCCTTCTATTACCATTAAAGGT	TTGAAGTATATTTTAGGAAGTGTCCATTCAAC
Pf3D7_06_v3-1214845-1215036	AACTTGTAATATTACGCTTCTAAATGTTGAT	TTCTTAATCTTTTCCTTATTCTCCTTATCCATA
Pf3D7_06_v3-1215267-1215479	ACAAAACCAAATGACAATCCAAAATCTATAAT	TGGTGGTGTTAGATCTAGTACGG
Pf3D7_06_v3-1215515-1215727	CACCACCAGGTGTAAATCGAC	AAAAACGAGTCATCAAAAAGTAGTAAGAA
Pf3D7_06_v3-1235427-1235625	ATTTGATTCTGAAGGAAGCATAAAATATAAAGA	ACACCCTTTTCATATTCATTCAAAATACTTCTT
Pf3D7_06_v3-1282687-1282898	ACAAGTGAGGAGTTATTTTTAGAGAAATTAAA	TCGTATAAGTAGAAATATTTTTCTTTCGGTGG
Pf3D7_07_v3-0105200-0105414	CATGAGTACTGTGTTCTTTCTTATGTTCT	GCCCATGGATTATTTGAAGAAATTGAAA
Pf3D7_07_v3-0403499-0403683	GACCTTAACAGATGGCTCACG	AAAGAACATAATCATACAAATAAAGTTGTGAGT
Pf3D7_07_v3-0403507-0403717	CAGATGGCTCACGTTTAGGTG	TTCCCTTTTTATTTCCAAATAAGGAATAAACAA
Pf3D7_07_v3-0403833-0404021	ATCTATTCCACCTACCAATATAAAACATTACAC	CAAATGATTGGATATTTCCAGTAGTTCTTGT
Pf3D7_07_v3-0404357-0404564	AACAATAGCTCTTGTAGAAATGAAATTATCTTT	TCATGTTTGAAAAGCATACAGGCTAA
Pf3D7_07_v3-0404808-0404981	TTTTTCCAATTGTTCACTTCTTGTCTTATATTA	GTTTCTTCCCAAGAATAAACATGCG
Pf3D7_07_v3-0405357-0405543	AAAACCTTCGCATTGTTTTCCTTC	ACAATAGTATATGTCATGGTAGAAAATTTGTCG
Pf3D7_07_v3-0405549-0405743	TCATTTTCTATGCTTTTTATAGATTATCGACAA	AAAATATGATACGTTGTACCATCATAAACA
Pf3D7_07_v3-0405597-0405815	CTATTGTTAGTTGTATACAAGGTCCAGC	GGTTCTCTTACAACATCACCCTATAAAAT
Pf3D7_07_v3-0432855-0433064	AGGACATATGAGTTGCCCTTTAGA	TACAATTGTCAGGACACGAAAATCATT
Pf3D7_07_v3-0475343-0475512	ACTTATGATTTGTCCAAATATGAAAAACAAC	AATTTATGTATAAGTTTGCTGGTTTTGTTTATT
Pf3D7_07_v3-0627381-0627592	AGAAAGATTGTCCATTTACATAATTTGCAGA	TTCTATTTTAGAAGGAAATGAAGGAGATATGAA
Pf3D7_07_v3-0717292-0717461	ATTTTATCCATTAATTTTATGATGAAGGTGTGG	ATCCCTCTCTATCTCATCTTCATTCTTATTAT
Pf3D7_07_v3-0729507-0729725	GTAAATCAAGCCATTGATTTAACTCTCC	AAAGAGAGGCGTTTTCTAACGAAAA
Pf3D7_07_v3-0896645-0896816	AATACATATAGAAAAGATGATAGAAGAAGCTCC	TTTTCATATTCTGTCGAGGATAACAATTCAATA
Pf3D7_07_v3-1028361-1028570	ACTAAAAATAACTCTTGATCTTTATCTTCGTT	TGTTGAATAATATGAATGAAAATAATCATTCGC
Pf3D7_07_v3-1044011-1044195	ATGTTAGGAACACGCTTATCATTTATCTTTT	ACAGATATGAGCTCCTTCTCTTTAATAACC
Pf3D7_07_v3-1066693-1066879	AAAGATAAAAATGGATATTATACAATGGCTTCA	CCCATATGCGCACAGTTTATAACA
Pf3D7_07_v3-1149398-1149585	GAAATCTAGAGATGAATAATCTGGACATGTAG	TGTATACTCTCACATATTCCCTTCAGTG
Pf3D7_08_v3-0102308-0102500	CATTAACATATAAAGTATCAGAACTTGTCGCT	TGTTGAAGAGTCAAGTTTTGTTCAGAA
Pf3D7_08_v3-0336453-0336618	AATATTTCCCACAATATGAATACATGAATATGA	ACATATAATAATCTTGAACCCTCTTTCTCAAGT
Pf3D7_08_v3-0399718-0399934	TTGTATTAATGAAGATGCCGATTGCT	AAAAAGATGACAATTTTGCTCTTGTGA
Pf3D7_08_v3-0412833-0413029	GATGATAGTTATTTTCTTGACATCATGTCAAAT	TTTCACAATTTTCTTTCATTTCTCTTTTTAGAT
Pf3D7_08_v3-0476264-0476442	AGATAATTGTGTACACACAAATATAAATGTACC	ATTTTCTTTACTTGAGTGATTAGTATTTCGAGA
Pf3D7_08_v3-0549609-0549776	CAGATGGAGGTATTTTTGTTGAACCTA	TTGGTTTCGCATCACATTTAACAATTTTATT
Pf3D7_08_v3-0549988-0550182	ATGCATAAAAGAGGAAATCCACATACAAT	GGGCAATAAATCTTTTTCTTGAATATCCAATAA
Pf3D7_08_v3-0550089-0550294	TTCTTGTATTAAATGGAATACCTCGTTATAGGA	ATCCAATTGTGTGATTTGTCCACA
Pf3D7_08_v3-0585363-0585562	TCATAAGGGAACCTAAATTATTAGTATAATCGT	CCTTCATAGTATAACTGTTACTGGTCCT
Pf3D7_08_v3-0585735-0585916	CTTTTAAACGATGATAACCTATATCTGCATCAT	GAAGTTATTAATTTTAAAATTGAACGTGAAACC
Pf3D7_08_v3-0586024-0586233	ATTCTAATAATATTTCCACCAAAACAATGTCC	AAACTAATGATTATAAAATATGGAGTGCTCAAG
Pf3D7_08_v3-1056702-1056878	GGCTAGTAACAGTACAGCTAGTTGT	TGCATCATCATTGTCTAAAGCTTCG
Pf3D7_08_v3-1099750-1099944	AGATAATTTGAAAAACGATGAAAAAGATGAAG	AGCAAAATTATCACATATGTTACATTCATACAC
Pf3D7_08_v3-1176345-1176524	TTGTTATATCCGTTGATATAAAAGAAGGATCAT	GGGACCTTACAACCTTTTTGTAAGC
Pf3D7_08_v3-1313119-1313308	AGAAAAACAAATAGGTTTATGGAATAAATGGA	AATCATCAATATGTTTCACATATCTTGCAA
Pf3D7_08_v3-1314743-1314953	AAGTGGAACATATGAAATTCAAGAGGA	TGTTTATTTTTCCATTCCTTCATATTTTCTTTT
Pf3D7_08_v3-1344650-1344813	AATTTTCTTATATAACCTAAGTTGATGACTTGG	AGAACAGATGAAGTAACTACTCGATTAAATGA
Pf3D7_08_v3-1365741-1365924	TTTCTGAATCATCTTTTGGTATTTTTGTTTTCA	ATGTAACAGCATTAGATAAAGGTACTGGTA
Pf3D7_08_v3-1365782-1365968	TCTTGTAATGTGTTTTTAACATTATAGCAGTAA	CACAAATCGAAGTTACATTTGATATTGATGC
Pf3D7_08_v3-1366599-1366795	GCTTGTGCGGATGATGATAATACAC	GATTTAGGAGGAGGAACATTTGATGTT
Pf3D7_08_v3-1366658-1366823	AATCTTCTTAATGATTTTGAATTTTTGGAAACA	AAAAGGAAAAGGTGAACAAAATATTCTTATTTT
Pf3D7_08_v3-1370632-1370825	AAATCTGGAATAGGAACAAAGTGATTATGG	GCAACAATGAGAAAATGAATTTGCACAA
Pf3D7_08_v3-1370846-1371012	CCAAATAATATTTTGTGCAAATTCATTTTCTCA	GGTTGCTACAATATAGACAAAAAGAAATTAGTT
Pf3D7_08_v3-1375056-1375259	ATTTAAATTAAGTCCTTTTGCATTTTTGCTAC	AAAAATAAAGTATTATCCGCTGCCG
Pf3D7_08_v3-1375237-1375418	TTTCTATTTGCAATTAAAATGCTTACGTTATCT	TTTCACTTCATGTATTTATGTATGCAGAACTT
Pf3D7_08_v3-1386816-1387005	TTTTTCTAACATAAGCGTGTTAGTAGTTTCA	GGTGTTCCATTGAAATCAATTATTAATGCA
Pf3D7_08_v3-1386821-1387013	CATAAGCGTGTTAGTAGTTTCAGTTGT	CTTTGAATGGTGTTCCATTGAAATCAATTA
Pf3D7_09_v3-0082033-0082203	TTGTGTCCGAATACTTTTTCTTTAACCA	CTTAGGTATTTTTGCATCTATTAATTTGCTTTT
Pf3D7_09_v3-0163845-0164021	ACCCAAAATGATAAATCTTCTTCATTTCTAAAA	ACCAAAAATGCTATTATTATTTTTCTGGGAA
Pf3D7_09_v3-0164074-0164287	TTTTTGGTAATACAGCTAATAATACGGCAA	GGCTTTCGTTTGACTTTACTTCTG
Pf3D7_09_v3-0202886-0203076	GTAAACAATGAATAAATATTCTTGCCAATTCGA	ATGTGTGATAGAGAAAGGTTCAATTGTTTA
Pf3D7_09_v3-0270941-0271136	CCTTCAGCTTCTTCTAATTCTTCCATT	AGATGCTATTGCGGAAAAAGACAT
Pf3D7_09_v3-0516766-0516980	ACACAAAATGGTACTTTTAAAGATTGTTTATG	TGGACAATAAAAACCTATGGGACATTC
Pf3D7_09_v3-0595860-0596063	TTTAGTAATGTTACATATAATATTCCACACGGT	AAACAAACTGAAGATTTCATTACACAATATG
Pf3D7_09_v3-0685587-0685792	CAAGTTCAACCGAACAAATATAATCACG	GGGCGAAATTCTATGAATGTATTATTAATAGAA
Pf3D7_09_v3-1015130-1015317	GCTACCGATTGAATAGTTGAATCTTTGT	TGTTCCAAAGGATTGAAATATATTTGTACTTTT
Pf3D7_09_v3-1406371-1406581	CTTTTAAATGAAGTGTCTGCTAGTACAGAT	TTCACCATTTTCTATTATTATTTCATCCTCTCC
Pf3D7_10_v3-0490637-0490844	AATACATATGTTTTTAGATGATGATTTTGAGGG	TCATTACGAGGATTATCATTTTTATCAGAATTT
Pf3D7_10_v3-0992362-0992570	AACAAAATTGCCTATCATTAATGGAAAATATC	TCATTCGTATGACCCATATAATCTTCATTTTTC
Pf3D7_10_v3-0992621-0992836	ACGAATGATGCTTATAGTCAACATGG	CACAAGTATCAGTATTCAATTCATTACATGAAT
Pf3D7_10_v3-1386689-1386876	TTAATAACTCCATAAGTGCTACAGTTATATAGG	AAACTTAAAAATGAGGACAAGGAAAATAATACA
Pf3D7_10_v3-1392399-1392588	TGATGGTGACAAAAGAGGTAAAGTAATTT	TTTTTGTTCTTCTTTTACACTGTGTATTTTGG
Pf3D7_10_v3-1414369-1414565	TTAAAGCATTATGAAGAATGGGTTAATAGAAGG	AAAGAAGTGGTTGTTAGAGAATCTTGATTTT
Pf3D7_10_v3-1414630-1414799	CAACGTCTATTAATAGTGTTAGGGATTCTAGT	ATTTTTCTTCAGTAATAATATTTGTACCAGGAA
Pf3D7_11_v3-0115945-0116151	TTCTTATATCAACCTTTTCAAGAGGAACTTTAG	AATAGCTTTACGTTATGATCCAGAAAATAATGA
Pf3D7_11_v3-0119463-0119672	CTGTAATACTATTTTCATAAGAACTGCTTCCA	AAAACTAGTGAAGGGAATATCAAAGAATATAGA
Pf3D7_11_v3-0408316-0408504	ACTAATGATCCATATAAAAACGCTCAAAATAT	CATCCTGTGTATCATAATTTTGTTCATTCG
Pf3D7_11_v3-0408572-0408747	AATAACTTAAATAAAAATATGGACGGCTCC	GACATTCTTTCAATGCTTCCGAAA
Pf3D7_11_v3-0497306-0497519	ACTAAAATAGAAAATTTCGAGCAACTTTTC	GCTGATTGAGCAAAAGTAAAAATTTCTTC
Pf3D7_11_v3-1006725-1006893	TTTTTATATTTAAAACTGACATGACCAAAAACT	ACTGGATGAAAAGAATCCTCCCAA
Pf3D7_11_v3-1018813-1019021	AGGAAGTGAATATATTAGAAATGTCTGAATTTT	ATTTATATTTTAAAGGTGCATGCTATTTTTGT
Pf3D7_11_v3-1019078-1019287	AAATAAGAATGTCTTAACACAACAAAGGA	ATGTGAAGAAGAAAATATGATTACACATGAAT
Pf3D7_11_v3-1127103-1127294	GTCTTCTTAAGAAAAGGAAACAAACCATTT	CGGCATTTAGCTCGATATTGGT
Pf3D7_11_v3-1293943-1294136	GGAAGAGGACAGAATTATTGGGAAC	AATTACTTCTTTCTACTATTTCAATGCTTGAA
Pf3D7_11_v3-1294305-1294547	ACTTCCATCAGGGAAATGTCCA	TCATCATAAACAGCTGGATATTTATAATTTGAA
Pf3D7_11_v3-1294690-1294888	GAAACAGCATGTTTTGTTTTAGACCAG	TGTTTAGGTTGATCCGAAGCAC
Pf3D7_11_v3-1295135-1295311	AACATGTTTAATTAACAATTCATCATACATTGC	GGTCACATGGGCATTTTAAACTGT
Pf3D7_11_v3-1295397-1295564	GTATGTAAATGTGTAGAAAGAAGGGCA	TCATCCATTTTATCATATTTTTCAGCATTTCCT
Pf3D7_11_v3-1374946-1375115	GTACCATCAACACTATATGCAAACATTTTC	GAAAATTATTAGAAGAACATCCAAATGAAGAAG
Pf3D7_11_v3-1375839-1376024	ATTTGATACACCATTGTCTTGGATATTATTTTG	AGAAGAATTTATGGAAAGGATCTACTTAAGAA
Pf3D7_11_v3-1376086-1376276	CAAAATTATTCATCATGCTATTTGTGCCA	AACTGTAGAAGAGCATTCTTTAAGTAGTA
Pf3D7_11_v3-1816178-1816346	ATCTTTTTCGTTGTATGTGCATAATCA	AAACATAATTCTAATGATATTGACCTTGTGCA
Pf3D7_11_v3-1902064-1902257	AGATTGGACATATGTCTCTTCATTTATCAGA	CTGCCCAAATACCCCAATAGT
Pf3D7_11_v3-1902070-1902253	ACATATGTCTCTTCATTTATCAGACCTGAT	CTGCCCAAATACCCCAATAGTTATT
Pf3D7_11_v3-1934989-1935203	ACTTTCGGTGTTTTTCTGGTATATCATT	AAAAGAAAGAAAACAAAAAGCACTAAATCTTAT
Pf3D7_11_v3-1950426-1950606	GCATGATGAGAGTTGTGATGAATTCT	GAGATTTACAAACGTCTAAACCATTTTCAC
Pf3D7_11_v3-1950459-1950650	CGCATGGAATAGAAGTTTAGCTGATTATA	CAAAAATTGATCTTCTGTGTCATCTCTACT
Pf3D7_11_v3-1968063-1968242	CGTATTGTAGAAGATACTTCACATGTTAATAAT	GCACTTTATATTGTCTTTTAGTTCTGGTTTT
Pf3D7_11_v3-1968082-1968268	CACATGTTAATAATATTAAGGAAAAGGCAATAG	ATATTGAATGAGACATTTTCTTCGCACT
Pf3D7_11_v3-2001753-2001929	CAGGAAAAAGTTCCTAAAGAATCTAAAAATACC	AAAAACACCTTCCTTCATATGATCC
Pf3D7_11_v3-2001757-2001969	AAAAAGTTCCTAAAGAATCTAAAAATACCAGAA	ATCATCAACTTCTTTCCTATGTGATGTTTT
Pf3D7_11_v3-2001998-2002198	AAAAACATCACATAGGAAAGAAGTTGATGA	CTTCTTCATCTCCTGGATTCTTGT
Pf3D7_12_v3-0063113-0063281	GCTATCCACTTCTTACAACGTGATAAATTATTT	AACACATTTATCTTATTTACCCGTATCTCATAT
Pf3D7_12_v3-0233445-0233639	TCTAAATTCTGTCCCTTCACCTAAAGTT	ATTCTGATGATATATGTGATGACATTTTTGAT
Pf3D7_12_v3-0529526-0529735	AATGGATTAATGTTTTCTACTTTTCCTTTAGC	TGTCTTGTTATCATTGGCTTTTTCATTGTATA
Pf3D7_12_v3-0659902-0660096	CATATGTTGCTGGGTCGACTTT	GCTTTTCTTGAATCACAATCAATGAATAAGA
Pf3D7_12_v3-0684043-0684207	TCAGGAATTTACCATTAATATCAATTATTGGTC	TTGATCCTTTATTTCTTTTGAAAACTTTTCTTG
Pf3D7_12_v3-0857082-0857293	AAAATCCTTCTTTTCCAACTGTCATATATATAC	TCTTTGACATTTTTCAAAAACGACATACTG
Pf3D7_12_v3-1959668-1959858	AATCGGTGGCAAGGTTTACAATATT	TCTCAGAAATAATAGTGGAACCATAATATTGTA
Pf3D7_12_v3-2092558-2092765	ATGATTTGTTCATATTATAGGTACCATGGC	TCTTATGACCATTTAATATACATAAAGGATCCT
Pf3D7_12_v3-2092682-2092852	CTTGATTTGTCATTTAACCCGTGTTATAG	ATCCCATATATTAACAGAAGAATCAAAAGAGG
Pf3D7_13_v3-0146724-0146904	GGTATTACTCAACCAAGAAAAATAGCTGTA	ATCCATATTTATACTTCTTTCATGTGCTTC
Pf3D7_13_v3-0156486-0156652	ACAGATATGGATTTTTCCATATCTATTGAAC	GAATGTTTTAACAATATAGGTGTGTCATATCTG
Pf3D7_13_v3-0156745-0156956	TCAACAAAATAGATTAATGAGCAATTCTAACTT	GAGTAACATAATTGTTCTACCTCCTAAAGC
Pf3D7_13_v3-0388170-0388378	TTTAAATTTTCATCCTTCATTACATCCTTTCTA	AGTCTATAAATCAATCCAACTCAAAACAGC
Pf3D7_13_v3-0479601-0479778	ATGTTTAATATGAATGTACCTGGTGATAATATG	ATTTTCTCTGTCTTTCAAAATAGCTAATTCATC
Pf3D7_13_v3-0748286-0748477	GGAAATTTTATCATTCCCCATTTCAATCATATC	TGATGATCAAAGTTATTTAGATGAAGAGCAAAT
Pf3D7_13_v3-0815894-0816058	ACATTCACACAAATAGAAAAATCTTCATTTTTC	ATCAATAATCAAAATCATGATAACAACCAATTT
Pf3D7_13_v3-0852679-0852897	GCTTTCAGATTTGAAACTAATGATTTGATTGTT	TGACTTGCACTTTTTCCATCGAAT
Pf3D7_13_v3-0911782-0911974	ACTACATGGGCTTCCAAATAAACATG	ACAACCAAACCTAGTAATAGTAGAAGTAAAG
Pf3D7_13_v3-0935644-0935858	AAATTCAATAACATGAATGATGACTACTCCAA	TCTAGAACAATACTTGCCCTTTCTCT
Pf3D7_13_v3-0958275-0958482	TTTGATGAATTTGTTGTAACGTTTTGGTT	TCATGTGAAAAATGAAGAGCATGAGAAT
Pf3D7_13_v3-1004772-1004969	TTTAATGATGTTAATACAAAATCTGCATCTTTT	GAAAAAGATACAAATATAACATACCCTTGGTAT
Pf3D7_13_v3-1041624-1041829	AGATTATTGGTTTAGGTGGTGTATTAGATACA	GGTGATGCATGTAAGTTTACAATTTCTAATG
Pf3D7_13_v3-1146788-1146982	CAGCAAAGATGGAGAAACATTCTCT	GGTTTTGTTTCAATTTTTCTTGGTGGTA
Pf3D7_13_v3-1233117-1233299	GTGTGGGTTCCTCACAAATGTTATT	GTGGTGCAAAGATATTAACGTATTTATTAGAGA
Pf3D7_13_v3-1265526-1265694	AGTGCTAATATAATTACAAAAACATTTTCGTTC	TGTTTTTGAAAATAATATTCTTCCTCCCTGAT
Pf3D7_13_v3-1350887-1351062	ACTTTTATGTATATCGTTTCGATTTAGGTCTTC	ATCGTATGAGAGGTATGTTAGGTAAAGAAAA
Pf3D7_13_v3-1406745-1406947	CCATTGTTAGGATATTCTTTTGTTTCTTCTTTC	AATGATGACAAATTGAGTGAAAATCCTG
Pf3D7_13_v3-1419395-1419601	TCTTTAGAATTTAAAACGAAGTCTTCATATTCT	GGTAAAGGCACAAAGTGAAACAGAT
Pf3D7_13_v3-1465035-1465280	GCTCCTGGTACTACGAATTTATAAGC	TGGATAATGAAAGGAAACAAAGTGACC
Pf3D7_13_v3-1465638-1465870	CCTTCTTCTGGATTTGGTGAAGG	TGTGGTGTTTGGGACGAATG
Pf3D7_13_v3-1465925-1466124	TTTTCTACTTCAACACAAACAGCCT	CAATTAGTTGTTATATTAACAGATGGAATTCCA
Pf3D7_13_v3-1724925-1725137	TGGTGAAAAGAAATGACATGAATTTAGAACT	GGGAACAATTTCCATATGCCTTATTAGAA
Pf3D7_13_v3-1725151-1725336	CCTGAACTTCTAGCTTCTAATAAGGCAT	GGATATGATGGCTCTTCTATTATACCGAA
Pf3D7_13_v3-1725231-1725441	CTCTCACCATTAGTTCCACCAATG	GGTGTATGATCGTTTAAGAGATGTATGGTA
Pf3D7_13_v3-1725403-1725620	ATTCTACCATTTGACGTAACACCAC	GTGGATTTGATGGTGTAGAATATTTAAATTCG
Pf3D7_13_v3-1725493-1725694	CATACACCTCAGTTTCAAATAAAGCCTTAT	GCCTTGTTGAAAGAAGCAGAATTTT
Pf3D7_13_v3-1725740-1725923	ACAAGGCTTCACTTTCACTTAAATCTTT	CTGAAACTATGATTGATATTAATGTTGGTGGA
Pf3D7_13_v3-1725915-1726094	GTTGTGTTAAGGTATGTCTAGATGTTTCA	AAAAAGAAAAAGAAGAACATAGGAAACGA
Pf3D7_13_v3-1726089-1726271	TCGATTTCTTGTAAAAATCTTAATCTTTCTTCA	AAGACACAAATGAATTTTATTCGAGAAAAAGAT
Pf3D7_13_v3-1726206-1726375	TCATGTAATTTCTGTTCTTCAATATTTTTACGG	ATGATACTTATGAAAAGAAAATTATTGAAACGG
Pf3D7_13_v3-1726755-1726967	TTTTTACTATCAAAGTTCGAATCTAATACACTC	GGAAGGAGAAAAAGTAAAAACAAAAGCA
Pf3D7_13_v3-1876421-1876636	ATGTGCACTATCATCAACTAAAGAAATATCT	ATGTTTTCAAGAAGGAAAAGAAAAAGCC
Pf3D7_13_v3-2114271-2114454	TCTACTGAGGCTTCATGTAAGATATCAATT	TTGTAGTTCCACAATCATCTGGAATTTT
Pf3D7_13_v3-2114854-2115057	GGATTTCGTATTTTCTGACATGGCAT	AATACTTGAAGAAAGGTTAAATACCGTATTAAA
Pf3D7_13_v3-2504513-2504701	AATTTACCTGAAGACGTTAAAAATGTAAAGTAC	TTTTTATAACTATCCCATTCGATATCTATACCT
Pf3D7_13_v3-2545091-2545258	AGCTATCATTACATGCTGACACAATAT	GATTAGTTGTGGAGATGATAAAACTATCAAATT
Pf3D7_13_v3-2770622-2770830	AAATATTTAGAAAACAATTTGAAAAGTGTGGC	ATTAATACATTTTTCAATTATCGAGGGTAAACT
Pf3D7_13_v3-2770648-2770821	GCAACACATCGATTTTATCAAAAGGAAA	TTTTTCAATTATCGAGGGTAAACTTATTAGATT
Pf3D7_13_v3-2780366-2780542	AAAAATGAGGGCCGGTAGTTC	GTATTTCTGAAGGACTATATATGGAACAATTCA
Pf3D7_13_v3-2814615-2814807	CTATACCAATTACTCATATAGAAGCTGAAAAGG	CCTTGATTAGAGTCCTCATTTGCAT
Pf3D7_13_v3-2814630-2814826	GCTGAAAAGGGTCAGTCTTCTAATT	GAGGATTTATTGTTTCCTTATTCCCTTGA
Pf3D7_13_v3-2816333-2816526	GGTGGAGAGGTAACACATACTGAT	CTTGTAGAAGGAATAGATACACCATCCT
Pf3D7_13_v3-2840473-2840721	ACAAAGACAGTAGAAAAATCGCTATCC	CGCATCACTTACACCATTAAATCCA
Pf3D7_13_v3-2840494-2840703	AAATCGCTATCCTATAAATTACAAAACAAGAAT	ACACCATTAAATCCATTTAATCGAAGATTAAAA
Pf3D7_13_v3-2841410-2841661	ACCTGCATGTGCTTGACTTTC	AAAAATAAAATATTATCCGCTGCCGTT
Pf3D7_13_v3-2844354-2844599	ATGCTAGGTGTATACGCACAG	AACCTTATGAGACCCTCCTTTATATTTATC
Pf3D7_14_v3-0106893-0107084	CATACAACATCAACAAAAACTTCCACA	ATTTTCTCTTCATTAGCTAAAGGTATACATG
Pf3D7_14_v3-0120133-0120332	TTCCATTTTTACATTTACATATAACTCCAACTC	AGAAATGTACGAATTTTAAATGAAGAAAAATGT
Pf3D7_14_v3-0137430-0137636	TTTCTTAATTTCTTTACTACCATATTCCATTCA	ATGAAGATGAGCAATTTTGCTTATTTATATGT
Pf3D7_14_v3-0279590-0279800	CCATTACTACCAAAAACATGGAAACCTA	AGTAATTATATTTCCCATTACTTATGGGAAGTT
Pf3D7_14_v3-0283380-0283552	AAGGTTTTGAGCTCTGTATTGAAAAATAAAT	GGAACCCATAAATTAGCTGAACCG
Pf3D7_14_v3-0284005-0284184	TGATTTTTATGAAGGACCTTTAACTTATGAAAA	GTAAATCATCGTTATCACAGGTGGTTA
Pf3D7_14_v3-0288461-0288664	TTTTTCTTATTGATTACCGGAGCATTATTTTAT	CATCATTTAATGTTACACTATCACCAGCATTA
Pf3D7_14_v3-0289328-0289517	TGTTGACAGTGGTACTAGTTCTATAACG	GTTCAAATCAACAGGTATTATAGATACCATACA
Pf3D7_14_v3-0293607-0293796	ACAGAAAGGATTTCAAATACTATATGTACTTCT	GTTTTAGTAAGTCCTGAATTAAGAAAATTGACA
Pf3D7_14_v3-0294534-0294741	ACTGTACCAACTGACTTTTTAAATAAAATGTT	TATTTTCTCATGAATGGGTCACCTAGA
Pf3D7_14_v3-0294537-0294730	GTACCAACTGACTTTTTAAATAAAATGTTGCA	GGGTCACCTAGAATAAAGGTTGG
Pf3D7_14_v3-0297615-0297824	AAATATTATTTGTGACAGTTTTCATAGTTTTGG	TCCACATTATCAAACTCACTACCTAAATAACT
Pf3D7_14_v3-0297960-0298129	CCATACAGCTTCATCTAATGTATGGG	ACAATTTCCGTCATTTCAATAAATTTATAGGGT
Pf3D7_14_v3-0298400-0298603	TTTGATGGACCATTGAACTATGAAAAATTAAAT	GTATATACTTTATTTGGTGAACGATATTCGAGT
Pf3D7_14_v3-0377797-0377992	ATTCTTGTAGAATATCAAAAGAAATTCGTAACA	TTGCACAATAATGGAAAAAGAAAATGCA
Pf3D7_14_v3-0407338-0407509	CATAAATCCGTTTTAATGTTTTCCTTTTATACC	CATCTAATACAAACATGAGTAACTTGGTTAATT
Pf3D7_14_v3-0421354-0421514	CCTTTTCTCGATTTTTCAGTAAATTAAATCCTT	CTTCCTTGTAATGATTCTATAGTATCAAACAAA
Pf3D7_14_v3-0771432-0771601	TCCCGAAAACATATCACTAGATCCAT	AAAAATTAAACATGATGCCACATTTTAGTAGT
Pf3D7_14_v3-0854154-0854394	AAACCATCGTGCTTAGGAAATAAAACT	AGATATTCATTTTAATGACAAGGACATGAATAG
Pf3D7_14_v3-0860314-0860509	CACAAGGAAACCTGTATGTGTTACAT	ACTATTACTTAATAAACAAGTCGTAGATGTTTT
Pf3D7_14_v3-0860865-0861038	GAAATTGGAGATGAAAGTACAGATTCTAGTTC	TTCATAGAAGAGGTAACATCACCATCAT
Pf3D7_14_v3-0921208-0921399	AGGATGAAAAATATAATAATTTGTGTACTTGGA	AAGAATAATACGAAAAATTAACCATAACCATCA
Pf3D7_14_v3-1038326-1038505	AAAATCTTCATCAACTCTTTGGTTCGA	ATCATTGTACACAACATTTTAGATCTTATGTTA
Pf3D7_14_v3-1166134-1166338	AGAATGGGATGGAAAATATGTATTCGAT	TTTTTGATCTTCTACAGATATGGACAAATTAGT
Pf3D7_14_v3-1392869-1393059	TCTTTATATTAGTACCATGAACATCTACCCTAT	GCACTACGAAACAGATGTTTTGAAATT
Pf3D7_14_v3-1954881-1955099	ATTTACATCGTCTTTATCAATTGATGAATTTG	CCAGTTCATTAGATTCAAGAACCGA
Pf3D7_14_v3-1956088-1956301	ATGATATACATTATCCATCTCATTTGCTTTTGT	GGTATTCTAGTAAAAATTCGGGTGGTATC
Pf3D7_14_v3-1956395-1956609	AGATTCTTGTAATTCTATAAAAGCTGATTGT	GCAAAAGGATAGATATGAAAGGAAATAGCT
Pf3D7_14_v3-1957250-1957447	ATCATACTATAAACCATAAACAAAACTTTGAGT	AAATCATCAGTTGATTTATTTTTGTTGAATGTT
Pf3D7_14_v3-1992153-1992347	TTTTCATGAAAGGAGTATCCAATAAATGATTTA	GCACTTACCACGAAAAGGGATAA
Pf3D7_14_v3-2004394-2004574	TTGCTACATATGTTTATGTGTAAAGGTTAATAT	CAGAAACTTGATGAACAATCAAAGAATATAGC
Pf3D7_14_v3-2020636-2020823	CTTGGATTTCTTAGATTCATTATTCCATTCATC	ACATTGAATAACGCTCAGCATAGTAC
Pf3D7_14_v3-2260555-2260737	GCATATGCAACCATACCACCAAT	ATTGTTTGTGGAACACATACAGTATTGA
Pf3D7_14_v3-2355645-2355820	AAAACATCATATGAAGCATATCAAGAACAATC	TGACATAATAATATCGTTTTTGGATTGTATCCA
Pf3D7_14_v3-2481064-2481245	GTTTCATTTTAGATTTACCTTTTTGCGATCTC	GAAATTTACAACTGGAAGGTGAAAAACATAC
Pf3D7_14_v3-2695869-2696052	AAAGAATTATTATTGTTCGTTTCGTTTGAAATT	TAGCGATATGCAAAGAATAACATCAAATGT
Pf3D7_14_v3-2733377-2733564	GCAAAAATGAATATAGGTGGCGATATAAAAGTA	AATTCTTATTGTAGATGAAACGGTTTTGA
Pf3D7_14_v3-2858925-2859127	AATAATTATACATCTTTATTTGGACACCGTGT	AGTTTCAATATCCATCATATCATCAACAATAAT
Pf3D7_14_v3-3124441-3124626	CAAGTGAACAACGACCTGCTTATAAT	CCATTTTTCCATATCCTGGTTGTTCATTA
Pf3D7_14_v3-3125829-3126040	CAGGTTGTTGGGAATTTAACATTACAAAA	AAGACTTCTTCTTTTCAAATCTAATAAAATTGC
Pf3D7_14_v3-3214281-3214486	AATCTAATTCATTTATGGAATCATACACTTGGT	AATTTCTTATATCATCAATTGATGGTTGCC
